"Job","Clocked In","Clocked Out","Duration","Comment","Tags","Breaks","Adjustments","TotalTimeAdjustment","TotalEarningsAdjustment"
"Code With Andrea","03/01/2019 23:00","04/01/2019 00:30","1.5","","Blogging","","","",""
"Code With Andrea","04/01/2019 10:25","04/01/2019 10:55","0.5","","Blogging","","","",""
"Code With Andrea","04/01/2019 16:00","04/01/2019 16:30","0.5","","Blogging","","","",""
"Code With Andrea","05/01/2019 23:30","06/01/2019 02:10","2.67","","Blogging","","","",""
"Code With Andrea","07/01/2019 09:55","07/01/2019 12:45","2.83","","Flutter Firebase Course","","","",""
"Code With Andrea","07/01/2019 13:30","07/01/2019 16:45","3.25","","Flutter Firebase Course","","","",""
"Code With Andrea","07/01/2019 22:00","07/01/2019 23:00","1","","","","","",""
"Code With Andrea","08/01/2019 08:50","08/01/2019 10:45","1.92","","Flutter Firebase Course","","","",""
"Code With Andrea","08/01/2019 14:00","08/01/2019 15:55","1.92","","Flutter Firebase Course","","","",""
"Code With Andrea","08/01/2019 16:05","08/01/2019 16:50","0.75","","Flutter Firebase Course","","","",""
"Code With Andrea","08/01/2019 17:15","08/01/2019 17:55","0.67","","Flutter Firebase Course","","","",""
"Code With Andrea","09/01/2019 11:00","09/01/2019 11:45","0.75","","Flutter Firebase Course","","","",""
"Code With Andrea","09/01/2019 13:45","09/01/2019 15:45","2","","Flutter Firebase Course","","","",""
"Code With Andrea","09/01/2019 21:00","09/01/2019 22:00","1","","Flutter Firebase Course","","","",""
"Code With Andrea","10/01/2019 09:00","10/01/2019 11:10","2.17","","Flutter Firebase Course","","","",""
"Code With Andrea","10/01/2019 11:30","10/01/2019 12:25","0.92","","Flutter Firebase Course","","","",""
"Code With Andrea","10/01/2019 13:00","10/01/2019 13:35","0.58","","Flutter Firebase Course","","","",""
"Code With Andrea","11/01/2019 08:45","11/01/2019 11:15","2.5","","YouTube Production","","","",""
"Code With Andrea","11/01/2019 11:30","11/01/2019 12:30","1","","Flutter Firebase Course","","","",""
"Code With Andrea","11/01/2019 13:30","11/01/2019 14:45","1.25","","","","","",""
"Code With Andrea","16/01/2019 11:00","16/01/2019 12:35","1.58","","Flutter Firebase Course","","","",""
"Code With Andrea","16/01/2019 14:20","16/01/2019 18:00","3.67","","Flutter Firebase Course","","","",""
"Code With Andrea","18/01/2019 10:50","18/01/2019 11:20","0.5","","YouTube Production","","","",""
"Code With Andrea","18/01/2019 11:20","18/01/2019 12:10","0.83","","Flutter Firebase Course","","","",""
"Code With Andrea","18/01/2019 13:00","18/01/2019 14:25","1.42","","","","","",""
"Code With Andrea","19/01/2019 21:00","19/01/2019 22:00","1","","","","","",""
"Code With Andrea","19/01/2019 22:00","19/01/2019 23:00","1","","Community engagement","","","",""
"Code With Andrea","20/01/2019 21:00","20/01/2019 22:00","1","","Flutter Firebase Course","","","",""
"Code With Andrea","20/01/2019 22:00","20/01/2019 23:00","1","","","","","",""
"Code With Andrea","25/01/2019 08:25","25/01/2019 08:45","0.33","","YouTube Production","","","",""
"Code With Andrea","25/01/2019 10:45","25/01/2019 12:00","1.25","","Flutter Firebase Course","","","",""
"Code With Andrea","25/01/2019 13:00","25/01/2019 15:00","2","","Flutter Firebase Course","","","",""
"Code With Andrea","25/01/2019 15:00","25/01/2019 17:30","2.5","","Flutter Firebase Course","","","",""
"Code With Andrea","25/01/2019 20:40","25/01/2019 22:40","2","","Flutter Firebase Course","","","",""
"Code With Andrea","26/01/2019 20:20","26/01/2019 22:25","2.08","","Flutter Firebase Course","","","",""
"Code With Andrea","28/01/2019 08:15","28/01/2019 09:10","0.92","","Flutter Firebase Course","","","",""
"Code With Andrea","28/01/2019 09:40","28/01/2019 11:10","1.5","","Flutter Firebase Course","","","",""
"Code With Andrea","28/01/2019 11:10","28/01/2019 12:10","1","","Flutter Firebase Course","","","",""
"Code With Andrea","28/01/2019 14:05","28/01/2019 16:45","2.67","","Flutter Firebase Course","","","",""
"Code With Andrea","28/01/2019 16:45","28/01/2019 17:15","0.5","","Flutter Firebase Course","","","",""
"Code With Andrea","28/01/2019 20:15","28/01/2019 20:30","0.25","","","","","",""
"Code With Andrea","01/02/2019 11:00","01/02/2019 11:30","0.5","","YouTube Production","","","",""
"Code With Andrea","01/02/2019 12:00","01/02/2019 12:35","0.58","","Flutter Firebase Course","","","",""
"Code With Andrea","01/02/2019 13:50","01/02/2019 14:45","0.92","","Flutter Firebase Course","","","",""
"Code With Andrea","04/02/2019 10:45","04/02/2019 12:35","1.83","","Flutter Firebase Course","","","",""
"Code With Andrea","04/02/2019 13:30","04/02/2019 17:30","4","","Flutter Firebase Course","","","",""
"Code With Andrea","05/02/2019 20:30","05/02/2019 22:00","1.5","","Development","","","",""
"Code With Andrea","07/02/2019 21:30","07/02/2019 22:30","1","","Flutter Firebase Course","","","",""
"Code With Andrea","08/02/2019 08:45","08/02/2019 09:30","0.75","","YouTube Production","","","",""
"Code With Andrea","08/02/2019 09:45","08/02/2019 11:10","1.42","","Flutter Firebase Course","","","",""
"Code With Andrea","08/02/2019 11:10","08/02/2019 12:05","0.92","","Flutter Firebase Course","","","",""
"Code With Andrea","08/02/2019 13:55","08/02/2019 15:20","1.42","","Flutter Firebase Course","","","",""
"Code With Andrea","08/02/2019 15:20","08/02/2019 16:30","1.17","","Flutter Firebase Course","","","",""
"Code With Andrea","10/02/2019 10:30","10/02/2019 11:00","0.5","","Flutter Firebase Course","","","",""
"Code With Andrea","11/02/2019 08:55","11/02/2019 12:00","3.08","","Flutter Firebase Course","","","",""
"Code With Andrea","11/02/2019 12:45","11/02/2019 14:15","1.5","","Flutter Firebase Course","","","",""
"Code With Andrea","11/02/2019 14:20","11/02/2019 15:30","1.17","","Flutter Firebase Course","","","",""
"Code With Andrea","12/02/2019 21:30","12/02/2019 22:00","0.5","","","","","",""
"Code With Andrea","12/02/2019 22:00","12/02/2019 22:30","0.5","","Community engagement","","","",""
"Code With Andrea","17/02/2019 22:00","17/02/2019 23:00","1","","","","","",""
"Code With Andrea","20/02/2019 16:40","20/02/2019 17:15","0.58","","Flutter Firebase Course","","","",""
"Code With Andrea","25/02/2019 08:30","25/02/2019 10:00","1.5","","Flutter Firebase Course","","","",""
"Code With Andrea","25/02/2019 10:00","25/02/2019 13:20","3.33","","Flutter Firebase Course","","","",""
"Code With Andrea","25/02/2019 15:30","25/02/2019 16:50","1.33","","Flutter Firebase Course","","","",""
"Code With Andrea","27/02/2019 08:20","27/02/2019 09:45","1.42","","Flutter Firebase Course","","","",""
"Code With Andrea","27/02/2019 14:30","27/02/2019 17:15","2.75","","YouTube Production","","","",""
"Code With Andrea","03/03/2019 09:00","03/03/2019 10:00","1","","Community engagement","","","",""
"Code With Andrea","03/03/2019 13:30","03/03/2019 14:30","1","","Community engagement","","","",""
"Code With Andrea","03/03/2019 21:10","03/03/2019 22:10","1","","YouTube Production","","","",""
"Code With Andrea","04/03/2019 10:30","04/03/2019 11:30","1","","Community engagement","","","",""
"Code With Andrea","04/03/2019 11:30","04/03/2019 12:30","1","","Flutter Firebase Course","","","",""
"Code With Andrea","04/03/2019 14:00","04/03/2019 15:00","1","","Flutter Firebase Course","","","",""
"Code With Andrea","04/03/2019 20:30","04/03/2019 22:00","1.5","","Community engagement","","","",""
"Code With Andrea","05/03/2019 20:30","05/03/2019 23:00","2.5","","Community engagement","","","",""
"Code With Andrea","06/03/2019 06:15","06/03/2019 06:45","0.5","","Community engagement","","","",""
"Code With Andrea","06/03/2019 06:45","06/03/2019 07:30","0.75","","Flutter Firebase Course","","","",""
"Code With Andrea","06/03/2019 08:30","06/03/2019 09:00","0.5","","Development","","","",""
"Code With Andrea","06/03/2019 09:00","06/03/2019 11:35","2.58","","Flutter Firebase Course","","","",""
"Code With Andrea","06/03/2019 11:35","06/03/2019 12:15","0.67","","Flutter Firebase Course","","","",""
"Code With Andrea","06/03/2019 13:00","06/03/2019 14:45","1.75","","Flutter Firebase Course","","","",""
"Code With Andrea","06/03/2019 14:45","06/03/2019 15:20","0.58","","YouTube Production","","","",""
"Code With Andrea","06/03/2019 15:25","06/03/2019 16:00","0.58","","Flutter Firebase Course","","","",""
"Code With Andrea","06/03/2019 21:00","06/03/2019 22:05","1.08","","Community engagement","","","",""
"Code With Andrea","09/03/2019 14:20","09/03/2019 15:55","1.58","","Flutter Firebase Course","","","",""
"Code With Andrea","09/03/2019 22:30","09/03/2019 23:00","0.5","","","","","",""
"Code With Andrea","10/03/2019 17:00","10/03/2019 17:30","0.5","","","","","",""
"Code With Andrea","10/03/2019 21:00","10/03/2019 22:00","1","","Blogging","","","",""
"Code With Andrea","11/03/2019 09:05","11/03/2019 09:30","0.42","","Flutter Firebase Course","","","",""
"Code With Andrea","11/03/2019 09:30","11/03/2019 11:00","1.5","","Flutter Firebase Course","","","",""
"Code With Andrea","11/03/2019 16:00","11/03/2019 17:10","1.17","","Flutter Firebase Course","","","",""
"Code With Andrea","12/03/2019 20:15","12/03/2019 22:00","1.75","","","","","",""
"Code With Andrea","13/03/2019 20:30","13/03/2019 21:00","0.5","","","","","",""
"Code With Andrea","14/03/2019 22:25","14/03/2019 23:55","1.5","","Development","","","",""
"Code With Andrea","15/03/2019 09:00","15/03/2019 09:15","0.25","","Flutter Firebase Course","","","",""
"Code With Andrea","15/03/2019 10:00","15/03/2019 12:35","2.58","","Flutter Firebase Course","","","",""
"Code With Andrea","15/03/2019 13:15","15/03/2019 16:30","3.25","","Flutter Firebase Course","","","",""
"Code With Andrea","15/03/2019 16:30","15/03/2019 17:25","0.92","","","","","",""
"Code With Andrea","18/03/2019 08:25","18/03/2019 09:20","0.92","","","","","",""
"Code With Andrea","18/03/2019 09:20","18/03/2019 11:15","1.92","","Flutter Firebase Course","","","",""
"Code With Andrea","18/03/2019 11:20","18/03/2019 12:30","1.17","","Flutter Firebase Course","","","",""
"Code With Andrea","18/03/2019 13:30","18/03/2019 15:55","2.42","","Flutter Firebase Course","","","",""
"Code With Andrea","18/03/2019 15:55","18/03/2019 16:25","0.5","","Development","","","",""
"Code With Andrea","22/03/2019 09:20","22/03/2019 11:55","2.58","","Flutter Firebase Course","","","",""
"Code With Andrea","22/03/2019 22:00","22/03/2019 23:00","1","","Flutter Firebase Course","","","",""
"Code With Andrea","25/03/2019 09:35","25/03/2019 11:05","1.5","","Flutter Firebase Course","","","",""
"Code With Andrea","25/03/2019 11:05","25/03/2019 12:20","1.25","","Flutter Firebase Course","","","",""
"Code With Andrea","25/03/2019 14:30","25/03/2019 16:25","1.92","","Flutter Firebase Course","","","",""
"Code With Andrea","25/03/2019 21:00","25/03/2019 22:30","1.5","","Community engagement","","","",""
"Code With Andrea","26/03/2019 21:30","26/03/2019 22:00","0.5","","Flutter Firebase Course","","","",""
"Code With Andrea","28/03/2019 21:00","28/03/2019 21:45","0.75","","Community engagement","","","",""
"Code With Andrea","29/03/2019 09:05","29/03/2019 11:25","2.33","","Flutter Firebase Course","","","",""
"Code With Andrea","29/03/2019 11:25","29/03/2019 11:45","0.33","","Flutter Firebase Course","","","",""
"Code With Andrea","29/03/2019 14:00","29/03/2019 14:10","0.17","","Flutter Firebase Course","","","",""
"Code With Andrea","01/04/2019 09:00","01/04/2019 09:20","0.33","","Flutter Firebase Course","","","",""
"Code With Andrea","01/04/2019 09:20","01/04/2019 12:45","3.42","","Flutter Firebase Course","","","",""
"Code With Andrea","01/04/2019 15:00","01/04/2019 17:15","2.25","","Flutter Firebase Course","","","",""
"Code With Andrea","01/04/2019 21:35","01/04/2019 22:35","1","","Flutter Firebase Course","","","",""
"Code With Andrea","04/04/2019 09:20","04/04/2019 11:35","2.25","","Flutter Firebase Course","","","",""
"Code With Andrea","04/04/2019 11:35","04/04/2019 12:20","0.75","","Flutter Firebase Course","","","",""
"Code With Andrea","04/04/2019 14:00","04/04/2019 15:10","1.17","","Flutter Firebase Course","","","",""
"Code With Andrea","04/04/2019 16:00","04/04/2019 17:40","1.67","","Flutter Firebase Course","","","",""
"Code With Andrea","04/04/2019 20:45","04/04/2019 22:00","1.25","","Development","","","",""
"Code With Andrea","05/04/2019 20:40","05/04/2019 21:50","1.17","","Development","","","",""
"Code With Andrea","06/04/2019 20:45","06/04/2019 22:00","1.25","","Development","","","",""
"Code With Andrea","07/04/2019 21:00","07/04/2019 22:30","1.5","","Development","","","",""
"Code With Andrea","08/04/2019 08:30","08/04/2019 09:05","0.58","","Flutter Firebase Course","","","",""
"Code With Andrea","08/04/2019 09:05","08/04/2019 11:50","2.75","","Flutter Firebase Course","","","",""
"Code With Andrea","08/04/2019 15:00","08/04/2019 16:25","1.42","","Development","","","",""
"Code With Andrea","08/04/2019 16:30","08/04/2019 17:30","1","","Flutter Firebase Course","","","",""
"Code With Andrea","08/04/2019 20:20","08/04/2019 21:20","1","","Flutter Firebase Course","","","",""
"Code With Andrea","11/04/2019 20:30","11/04/2019 21:00","0.5","","Community engagement","","","",""
"Code With Andrea","11/04/2019 21:00","11/04/2019 21:45","0.75","","Development","","","",""
"Code With Andrea","12/04/2019 08:40","12/04/2019 13:15","4.58","","Flutter Firebase Course","","","",""
"Code With Andrea","12/04/2019 13:50","12/04/2019 14:15","0.42","","Flutter Firebase Course","","","",""
"Code With Andrea","12/04/2019 14:20","12/04/2019 15:45","1.42","","Flutter Firebase Course","","","",""
"Code With Andrea","14/04/2019 21:00","14/04/2019 21:15","0.25","","Community engagement","","","",""
"Code With Andrea","15/04/2019 10:20","15/04/2019 10:30","0.17","","Flutter Firebase Course","","","",""
"Code With Andrea","15/04/2019 10:30","15/04/2019 11:15","0.75","","Development","","","",""
"Code With Andrea","15/04/2019 11:15","15/04/2019 12:05","0.83","","Flutter Firebase Course","","","",""
"Code With Andrea","15/04/2019 13:00","15/04/2019 14:30","1.5","","Flutter Firebase Course","","","",""
"Code With Andrea","15/04/2019 16:35","15/04/2019 17:35","1","","Development","","","",""
"Code With Andrea","15/04/2019 20:30","15/04/2019 22:00","1.5","","Development","","","",""
"Code With Andrea","16/04/2019 20:30","16/04/2019 22:15","1.75","","Flutter Firebase Course","","","",""
"Code With Andrea","17/04/2019 20:30","17/04/2019 21:30","1","","Development","","","",""
"Code With Andrea","18/04/2019 06:00","18/04/2019 06:40","0.67","","Development","","","",""
"Code With Andrea","22/04/2019 20:45","22/04/2019 23:00","2.25","","Flutter Firebase Course","","","",""
"Code With Andrea","23/04/2019 21:00","23/04/2019 21:35","0.58","","Flutter Firebase Course","","","",""
"Code With Andrea","24/04/2019 21:00","24/04/2019 21:30","0.5","","Flutter Firebase Course","","","",""
"Code With Andrea","25/04/2019 08:45","25/04/2019 10:45","2","","Flutter Firebase Course","","","",""
"Code With Andrea","25/04/2019 10:45","25/04/2019 12:30","1.75","","Flutter Firebase Course","","","",""
"Code With Andrea","25/04/2019 15:15","25/04/2019 16:40","1.42","","Flutter Firebase Course","","","",""
"Code With Andrea","25/04/2019 16:45","25/04/2019 17:15","0.5","","Community engagement","","","",""
"Code With Andrea","25/04/2019 21:30","26/04/2019 00:15","2.75","","","","","",""
"Code With Andrea","26/04/2019 09:00","26/04/2019 10:30","1.5","","Flutter Firebase Course","","","",""
"Code With Andrea","26/04/2019 11:25","26/04/2019 12:45","1.33","","Flutter Firebase Course","","","",""
"Code With Andrea","26/04/2019 13:55","26/04/2019 16:25","2.5","","Flutter Firebase Course","","","",""
"Code With Andrea","26/04/2019 21:00","26/04/2019 22:55","1.92","","Blogging","","","",""
"Code With Andrea","27/04/2019 22:00","27/04/2019 22:55","0.92","","Blogging","","","",""
"Code With Andrea","28/04/2019 14:30","28/04/2019 15:00","0.5","","Community engagement","","","",""
"Code With Andrea","28/04/2019 15:00","28/04/2019 16:00","1","","Blogging","","","",""
"Code With Andrea","28/04/2019 21:30","28/04/2019 23:05","1.58","","Blogging","","","",""
"Code With Andrea","29/04/2019 10:35","29/04/2019 13:15","2.67","","Flutter Firebase Course","","","",""
"Code With Andrea","29/04/2019 15:50","29/04/2019 16:15","0.42","","Promotion","","","",""
"Code With Andrea","29/04/2019 16:15","29/04/2019 17:20","1.08","","Flutter Firebase Course","","","",""
"Code With Andrea","01/05/2019 20:30","01/05/2019 22:00","1.5","","Development","","","",""
"Code With Andrea","02/05/2019 21:15","02/05/2019 23:00","1.75","","Flutter Firebase Course","","","",""
"Code With Andrea","03/05/2019 08:25","03/05/2019 10:00","1.58","","Flutter Firebase Course","","","",""
"Code With Andrea","03/05/2019 13:10","03/05/2019 16:05","2.92","","Flutter Firebase Course","","","",""
"Code With Andrea","04/05/2019 21:00","04/05/2019 22:00","1","","Development","","","",""
"Code With Andrea","07/05/2019 22:00","07/05/2019 23:00","1","","Promotion","","","",""
"Code With Andrea","08/05/2019 21:00","08/05/2019 22:00","1","","","","","",""
"Code With Andrea","09/05/2019 21:00","09/05/2019 21:30","0.5","","Development","","","",""
"Code With Andrea","10/05/2019 09:00","10/05/2019 12:25","3.42","","Promotion","","","",""
"Code With Andrea","10/05/2019 13:30","10/05/2019 15:25","1.92","","Flutter Firebase Course","","","",""
"Code With Andrea","11/05/2019 11:30","11/05/2019 12:30","1","","","","","",""
"Code With Andrea","11/05/2019 16:00","11/05/2019 17:20","1.33","","Development","","","",""
"Code With Andrea","11/05/2019 20:45","11/05/2019 21:45","1","","Blogging","","","",""
"Code With Andrea","12/05/2019 17:30","12/05/2019 18:00","0.5","","Community engagement","","","",""
"Code With Andrea","12/05/2019 20:30","12/05/2019 22:00","1.5","","Blogging","","","",""
"Code With Andrea","13/05/2019 10:45","13/05/2019 12:40","1.92","","Promotion","","","",""
"Code With Andrea","13/05/2019 13:10","13/05/2019 14:15","1.08","","Promotion","","","",""
"Code With Andrea","13/05/2019 14:15","13/05/2019 16:45","2.5","","Flutter Firebase Course","","","",""
"Code With Andrea","13/05/2019 21:00","13/05/2019 21:35","0.58","","","","","",""
"Code With Andrea","14/05/2019 21:05","14/05/2019 21:40","0.58","","Development","","","",""
"Code With Andrea","16/05/2019 08:45","16/05/2019 09:30","0.75","","Development","","","",""
"Code With Andrea","16/05/2019 15:00","16/05/2019 16:30","1.5","","Flutter Firebase Course","","","",""
"Code With Andrea","16/05/2019 20:30","16/05/2019 21:50","1.33","","","","","",""
"Code With Andrea","17/05/2019 08:45","17/05/2019 09:00","0.25","","Community engagement","","","",""
"Code With Andrea","17/05/2019 09:00","17/05/2019 12:55","3.92","","Flutter Firebase Course","","","",""
"Code With Andrea","17/05/2019 13:45","17/05/2019 14:45","1","","Flutter Firebase Course","","","",""
"Code With Andrea","17/05/2019 14:45","17/05/2019 15:10","0.42","","Flutter Firebase Course","","","",""
"Code With Andrea","17/05/2019 15:10","17/05/2019 16:10","1","","Blogging","","","",""
"Code With Andrea","17/05/2019 16:10","17/05/2019 16:40","0.5","","","","","",""
"Code With Andrea","17/05/2019 21:00","17/05/2019 22:00","1","","Development","","","",""
"Code With Andrea","19/05/2019 20:30","19/05/2019 21:00","0.5","","Website / Setup","","","",""
"Code With Andrea","19/05/2019 21:00","19/05/2019 21:05","0.08","","Community engagement","","","",""
"Code With Andrea","20/05/2019 08:30","20/05/2019 09:00","0.5","","Promotion","","","",""
"Code With Andrea","20/05/2019 09:05","20/05/2019 12:15","3.17","","Flutter Firebase Course","","","",""
"Code With Andrea","20/05/2019 13:00","20/05/2019 14:40","1.67","","Flutter Firebase Course","","","",""
"Code With Andrea","20/05/2019 14:45","20/05/2019 15:25","0.67","","Blogging","","","",""
"Code With Andrea","20/05/2019 21:00","20/05/2019 21:30","0.5","","Blogging","","","",""
"Code With Andrea","21/05/2019 20:45","21/05/2019 22:00","1.25","","Blogging","","","",""
"Code With Andrea","22/05/2019 21:10","22/05/2019 21:40","0.5","","Community engagement","","","",""
"Code With Andrea","24/05/2019 11:30","24/05/2019 12:10","0.67","","Flutter Firebase Course","","","",""
"Code With Andrea","24/05/2019 12:45","24/05/2019 13:40","0.92","","Flutter Firebase Course","","","",""
"Code With Andrea","24/05/2019 13:40","24/05/2019 15:25","1.75","","","","","",""
"Code With Andrea","24/05/2019 21:15","24/05/2019 22:45","1.5","","Website / Setup","","","",""
"Code With Andrea","26/05/2019 21:00","26/05/2019 22:25","1.42","","Blogging","","","",""
"Code With Andrea","27/05/2019 21:00","27/05/2019 21:45","0.75","","","","","",""
"Code With Andrea","30/05/2019 16:00","30/05/2019 17:00","1","","Flutter Firebase Course","","","",""
"Code With Andrea","31/05/2019 08:30","31/05/2019 10:30","2","","Flutter Firebase Course","","","",""
"Code With Andrea","31/05/2019 11:30","31/05/2019 12:45","1.25","","Blogging","","","",""
"Code With Andrea","31/05/2019 13:40","31/05/2019 14:40","1","","Blogging","","","",""
"Code With Andrea","31/05/2019 21:45","31/05/2019 22:00","0.25","","Blogging","","","",""
"Code With Andrea","01/06/2019 11:40","01/06/2019 12:10","0.5","","Community engagement","","","",""
"Code With Andrea","02/06/2019 20:30","02/06/2019 20:45","0.25","","Community engagement","","","",""
"Code With Andrea","03/06/2019 08:25","03/06/2019 09:25","1","","Blogging","","","",""
"Code With Andrea","03/06/2019 09:30","03/06/2019 12:45","3.25","","Flutter Firebase Course","","","",""
"Code With Andrea","03/06/2019 14:00","03/06/2019 16:55","2.92","","Flutter Firebase Course","","","",""
"Code With Andrea","04/06/2019 21:20","04/06/2019 22:25","1.08","","Blogging","","","",""
"Code With Andrea","05/06/2019 20:00","05/06/2019 20:30","0.5","","Community engagement","","","",""
"Code With Andrea","06/06/2019 10:50","06/06/2019 12:45","1.92","","Flutter Firebase Course","","","",""
"Code With Andrea","06/06/2019 13:40","06/06/2019 15:10","1.5","","Flutter Firebase Course","","","",""
"Code With Andrea","06/06/2019 17:30","06/06/2019 18:45","1.25","","Flutter Firebase Course","","","",""
"Code With Andrea","07/06/2019 08:30","07/06/2019 08:50","0.33","","Flutter Firebase Course","","","",""
"Code With Andrea","07/06/2019 16:40","07/06/2019 17:30","0.83","","Blogging","","","",""
"Code With Andrea","08/06/2019 21:00","08/06/2019 23:00","2","","Blogging","","","",""
"Code With Andrea","09/06/2019 21:40","09/06/2019 22:35","0.92","","Blogging","","","",""
"Code With Andrea","10/06/2019 08:40","10/06/2019 09:35","0.92","","Blogging","","","",""
"Code With Andrea","10/06/2019 09:45","10/06/2019 10:45","1","","Flutter Firebase Course","","","",""
"Code With Andrea","10/06/2019 10:45","10/06/2019 12:30","1.75","","Flutter Firebase Course","","","",""
"Code With Andrea","10/06/2019 13:05","10/06/2019 14:45","1.67","","Flutter Firebase Course","","","",""
"Code With Andrea","10/06/2019 17:00","10/06/2019 17:20","0.33","","Flutter Firebase Course","","","",""
"Code With Andrea","14/06/2019 08:45","14/06/2019 09:55","1.17","","Flutter Firebase Course","","","",""
"Code With Andrea","14/06/2019 10:35","14/06/2019 12:35","2","","YouTube Production","","","",""
"Code With Andrea","14/06/2019 13:35","14/06/2019 15:30","1.92","","YouTube Production","","","",""
"Code With Andrea","14/06/2019 15:30","14/06/2019 15:55","0.42","","Flutter Firebase Course","","","",""
"Code With Andrea","14/06/2019 17:05","14/06/2019 17:35","0.5","","Development","","","",""
"Code With Andrea","14/06/2019 20:55","14/06/2019 21:55","1","","Development","","","",""
"Code With Andrea","15/06/2019 05:00","15/06/2019 06:30","1.5","","Development","","","",""
"Code With Andrea","15/06/2019 16:40","15/06/2019 17:05","0.42","","Development","","","",""
"Code With Andrea","15/06/2019 17:15","15/06/2019 18:00","0.75","","Development","","","",""
"Code With Andrea","17/06/2019 09:30","17/06/2019 10:00","0.5","","Flutter Firebase Course","","","",""
"Code With Andrea","17/06/2019 10:00","17/06/2019 11:00","1","","Blogging","","","",""
"Code With Andrea","17/06/2019 16:55","17/06/2019 17:55","1","","Blogging","","","",""
"Code With Andrea","18/06/2019 09:00","18/06/2019 11:05","2.08","","YouTube Production","","","",""
"Code With Andrea","18/06/2019 11:05","18/06/2019 12:35","1.5","","YouTube Production","","","",""
"Code With Andrea","18/06/2019 13:30","18/06/2019 16:10","2.67","","YouTube Production","","","",""
"Code With Andrea","01/07/2019 09:15","01/07/2019 09:40","0.42","","Community engagement","","","",""
"Code With Andrea","01/07/2019 09:40","01/07/2019 11:20","1.67","","Flutter Firebase Course","","","",""
"Code With Andrea","01/07/2019 13:25","01/07/2019 13:55","0.5","","Flutter Firebase Course","","","",""
"Code With Andrea","01/07/2019 13:55","01/07/2019 14:10","0.25","","Community engagement","","","",""
"Code With Andrea","01/07/2019 14:10","01/07/2019 14:20","0.17","","Promotion","","","",""
"Code With Andrea","01/07/2019 14:25","01/07/2019 15:45","1.33","","Flutter Firebase Course","","","",""
"Code With Andrea","01/07/2019 15:45","01/07/2019 16:00","0.25","","Flutter Firebase Course","","","",""
"Code With Andrea","01/07/2019 16:00","01/07/2019 16:35","0.58","","","","","",""
"Code With Andrea","03/07/2019 08:45","03/07/2019 11:55","3.17","","Flutter Firebase Course","","","",""
"Code With Andrea","03/07/2019 14:15","03/07/2019 15:00","0.75","","Flutter Firebase Course","","","",""
"Code With Andrea","03/07/2019 15:40","03/07/2019 16:20","0.67","","Flutter Firebase Course","","","",""
"Code With Andrea","03/07/2019 16:20","03/07/2019 17:40","1.33","","Flutter Firebase Course","","","",""
"Code With Andrea","03/07/2019 21:00","03/07/2019 21:10","0.17","","Flutter Firebase Course","","","",""
"Code With Andrea","04/07/2019 09:05","04/07/2019 12:25","3.33","","Flutter Firebase Course","","","",""
"Code With Andrea","04/07/2019 15:15","04/07/2019 16:30","1.25","","Flutter Firebase Course","","","",""
"Code With Andrea","04/07/2019 16:30","04/07/2019 17:05","0.58","","Flutter Firebase Course","","","",""
"Code With Andrea","04/07/2019 21:15","04/07/2019 22:00","0.75","","Flutter Firebase Course","","","",""
"Code With Andrea","05/07/2019 13:00","05/07/2019 17:20","4.33","","Flutter Firebase Course","","","",""
"Code With Andrea","08/07/2019 10:30","08/07/2019 12:50","2.33","","YouTube Production","","","",""
"Code With Andrea","08/07/2019 14:10","08/07/2019 17:30","3.33","","","","","",""
"Code With Andrea","08/07/2019 20:35","08/07/2019 22:00","1.42","","","","","",""
"Code With Andrea","08/07/2019 22:20","08/07/2019 22:50","0.5","","Community engagement","","","",""
"Code With Andrea","09/07/2019 05:40","09/07/2019 07:20","1.67","","Blogging","","","",""
"Code With Andrea","09/07/2019 08:55","09/07/2019 11:05","2.17","","Blogging","","","",""
"Code With Andrea","09/07/2019 14:50","09/07/2019 15:10","0.33","","Development","","","",""
"Code With Andrea","09/07/2019 15:10","09/07/2019 16:00","0.83","","Flutter Firebase Course","","","",""
"Code With Andrea","09/07/2019 16:00","09/07/2019 16:20","0.33","","Flutter Firebase Course","","","",""
"Code With Andrea","11/07/2019 08:50","11/07/2019 09:15","0.42","","Community engagement","","","",""
"Code With Andrea","11/07/2019 09:15","11/07/2019 11:25","2.17","","","","","",""
"Code With Andrea","11/07/2019 14:35","11/07/2019 16:00","1.42","","Flutter Firebase Course","","","",""
"Code With Andrea","11/07/2019 17:00","11/07/2019 17:25","0.42","","Flutter Firebase Course","","","",""
"Code With Andrea","11/07/2019 17:25","11/07/2019 17:50","0.42","","Development","","","",""
"Code With Andrea","12/07/2019 08:45","12/07/2019 10:25","1.67","","Flutter Firebase Course","","","",""
"Code With Andrea","12/07/2019 10:25","12/07/2019 11:00","0.58","","Development","","","",""
"Code With Andrea","12/07/2019 14:00","12/07/2019 14:40","0.67","","Flutter Firebase Course","","","",""
"Code With Andrea","12/07/2019 14:40","12/07/2019 15:20","0.67","","Development","","","",""
"Code With Andrea","12/07/2019 15:20","12/07/2019 16:20","1","","Development","","","",""
"Code With Andrea","15/07/2019 10:35","15/07/2019 12:30","1.92","","YouTube Production","","","",""
"Code With Andrea","15/07/2019 15:00","15/07/2019 16:20","1.33","","Flutter Firebase Course","","","",""
"Code With Andrea","15/07/2019 23:30","16/07/2019 00:00","0.5","","Community engagement","","","",""
"Code With Andrea","16/07/2019 08:35","16/07/2019 11:15","2.67","","YouTube Production","","","",""
"Code With Andrea","16/07/2019 13:00","16/07/2019 13:30","0.5","","Development","","","",""
"Code With Andrea","16/07/2019 13:30","16/07/2019 15:05","1.58","","Flutter Firebase Course","","","",""
"Code With Andrea","16/07/2019 15:40","16/07/2019 17:05","1.42","","YouTube Production","","","",""
"Code With Andrea","17/07/2019 16:00","17/07/2019 17:00","1","","Blogging","","","",""
"Code With Andrea","18/07/2019 09:05","18/07/2019 10:25","1.33","","YouTube Production","","","",""
"Code With Andrea","18/07/2019 10:30","18/07/2019 11:00","0.5","","Development","","","",""
"Code With Andrea","18/07/2019 11:00","18/07/2019 11:30","0.5","","Flutter Firebase Course","","","",""
"Code With Andrea","18/07/2019 13:55","18/07/2019 14:15","0.33","","Community engagement","","","",""
"Code With Andrea","18/07/2019 14:15","18/07/2019 15:45","1.5","","Flutter Firebase Course","","","",""
"Code With Andrea","18/07/2019 15:45","18/07/2019 16:05","0.33","","YouTube Production","","","",""
"Code With Andrea","18/07/2019 16:10","18/07/2019 17:00","0.83","","Flutter Firebase Course","","","",""
"Code With Andrea","19/07/2019 06:15","19/07/2019 07:30","1.25","","Blogging","","","",""
"Code With Andrea","19/07/2019 09:00","19/07/2019 10:00","1","","YouTube Production","","","",""
"Code With Andrea","19/07/2019 10:00","19/07/2019 12:10","2.17","","Flutter Firebase Course","","","",""
"Code With Andrea","19/07/2019 13:00","19/07/2019 14:00","1","","Flutter Firebase Course","","","",""
"Code With Andrea","19/07/2019 14:10","19/07/2019 14:30","0.33","","Blogging","","","",""
"Code With Andrea","21/07/2019 21:05","21/07/2019 21:55","0.83","","Flutter Firebase Course","","","",""
"Code With Andrea","22/07/2019 07:30","22/07/2019 08:10","0.67","","Blogging","","","",""
"Code With Andrea","22/07/2019 10:00","22/07/2019 11:10","1.17","","Promotion","","","",""
"Code With Andrea","22/07/2019 11:30","22/07/2019 12:10","0.67","","Flutter Firebase Course","","","",""
"Code With Andrea","22/07/2019 15:00","22/07/2019 17:00","2","","Flutter Firebase Course","","","",""
"Code With Andrea","22/07/2019 21:50","22/07/2019 23:00","1.17","","Flutter Firebase Course","","","",""
"Code With Andrea","23/07/2019 07:30","23/07/2019 08:05","0.58","","Flutter Firebase Course","","","",""
"Code With Andrea","23/07/2019 10:45","23/07/2019 11:45","1","","","","","",""
"Code With Andrea","23/07/2019 13:30","23/07/2019 14:40","1.17","","Flutter Firebase Course","","","",""
"Code With Andrea","23/07/2019 15:50","23/07/2019 16:20","0.5","","Flutter Firebase Course","","","",""
"Code With Andrea","27/07/2019 13:45","27/07/2019 14:45","1","","Community engagement","","","",""
"Code With Andrea","27/07/2019 14:45","27/07/2019 15:00","0.25","","Flutter Firebase Course","","","",""
"Code With Andrea","27/07/2019 21:00","27/07/2019 21:40","0.67","","Community engagement","","","",""
"Code With Andrea","28/07/2019 09:30","28/07/2019 11:15","1.75","","Development","","","",""
"Code With Andrea","28/07/2019 20:45","28/07/2019 21:25","0.67","","Development","","","",""
"Code With Andrea","29/07/2019 08:45","29/07/2019 09:35","0.83","","Flutter Firebase Course","","","",""
"Code With Andrea","29/07/2019 09:35","29/07/2019 11:00","1.42","","Flutter Firebase Course","","","",""
"Code With Andrea","29/07/2019 13:35","29/07/2019 15:50","2.25","","Flutter Firebase Course","","","",""
"Code With Andrea","29/07/2019 16:00","29/07/2019 17:00","1","","Flutter Firebase Course","","","",""
"Code With Andrea","29/07/2019 21:15","29/07/2019 22:20","1.08","","Development","","","",""
"Code With Andrea","30/07/2019 20:50","30/07/2019 21:30","0.67","","Flutter Firebase Course","","","",""
"Code With Andrea","31/07/2019 08:15","31/07/2019 08:30","0.25","","Community engagement","","","",""
"Code With Andrea","31/07/2019 08:30","31/07/2019 12:15","3.75","","Flutter Firebase Course","","","",""
"Code With Andrea","31/07/2019 13:15","31/07/2019 14:50","1.58","","Flutter Firebase Course","","","",""
"Code With Andrea","31/07/2019 14:55","31/07/2019 17:00","2.08","","Flutter Firebase Course","","","",""
"Code With Andrea","31/07/2019 21:00","31/07/2019 22:05","1.08","","Development","","","",""
"Code With Andrea","01/08/2019 08:30","01/08/2019 08:50","0.33","","Flutter Firebase Course","","","",""
"Code With Andrea","01/08/2019 14:15","01/08/2019 14:35","0.33","","Flutter Firebase Course","","","",""
"Code With Andrea","01/08/2019 14:45","01/08/2019 16:25","1.67","","Development","","","",""
"Code With Andrea","01/08/2019 21:00","01/08/2019 22:15","1.25","","Development","","","",""
"Code With Andrea","02/08/2019 21:00","02/08/2019 22:00","1","","Development","","","",""
"Code With Andrea","03/08/2019 06:45","03/08/2019 08:00","1.25","","","","","",""
"Code With Andrea","03/08/2019 09:00","03/08/2019 09:30","0.5","","Development","","","",""
"Code With Andrea","03/08/2019 20:45","03/08/2019 21:10","0.42","","Development","","","",""
"Code With Andrea","04/08/2019 17:40","04/08/2019 18:25","0.75","","Development","","","",""
"Code With Andrea","05/08/2019 08:30","05/08/2019 08:45","0.25","","Flutter Firebase Course","","","",""
"Code With Andrea","05/08/2019 08:45","05/08/2019 10:50","2.08","","Flutter Firebase Course","","","",""
"Code With Andrea","05/08/2019 11:20","05/08/2019 12:25","1.08","","Flutter Firebase Course","","","",""
"Code With Andrea","05/08/2019 12:55","05/08/2019 14:05","1.17","","Flutter Firebase Course","","","",""
"Code With Andrea","05/08/2019 14:15","05/08/2019 14:35","0.33","","Flutter Firebase Course","","","",""
"Code With Andrea","05/08/2019 14:50","05/08/2019 15:55","1.08","","Flutter Firebase Course","","","",""
"Code With Andrea","05/08/2019 16:00","05/08/2019 16:55","0.92","","Flutter Firebase Course","","","",""
"Code With Andrea","05/08/2019 21:00","05/08/2019 22:20","1.33","","Development","","","",""
"Code With Andrea","06/08/2019 07:30","06/08/2019 08:20","0.83","","Flutter Firebase Course","","","",""
"Code With Andrea","06/08/2019 09:35","06/08/2019 10:40","1.08","","Flutter Firebase Course","","","",""
"Code With Andrea","06/08/2019 10:40","06/08/2019 11:20","0.67","","Development","","","",""
"Code With Andrea","06/08/2019 13:30","06/08/2019 14:30","1","","Flutter Firebase Course","","","",""
"Code With Andrea","06/08/2019 14:40","06/08/2019 16:20","1.67","","Flutter Firebase Course","","","",""
"Code With Andrea","06/08/2019 17:40","06/08/2019 17:55","0.25","","","","","",""
"Code With Andrea","07/08/2019 21:00","07/08/2019 22:00","1","","Community engagement","","","",""
"Code With Andrea","08/08/2019 07:45","08/08/2019 08:05","0.33","","Flutter Firebase Course","","","",""
"Code With Andrea","08/08/2019 08:20","08/08/2019 11:25","3.08","","Flutter Firebase Course","","","",""
"Code With Andrea","08/08/2019 12:00","08/08/2019 12:40","0.67","","Flutter Firebase Course","","","",""
"Code With Andrea","08/08/2019 14:00","08/08/2019 15:40","1.67","","Development","","","",""
"Code With Andrea","08/08/2019 17:00","08/08/2019 18:00","1","","Community engagement","","","",""
"Code With Andrea","09/08/2019 09:00","09/08/2019 10:15","1.25","","Development","","","",""
"Code With Andrea","09/08/2019 10:15","09/08/2019 12:30","2.25","","YouTube Production","","","",""
"Code With Andrea","09/08/2019 13:05","09/08/2019 14:40","1.58","","YouTube Production","","","",""
"Code With Andrea","09/08/2019 14:40","09/08/2019 15:55","1.25","","YouTube Production","","","",""
"Code With Andrea","09/08/2019 16:05","09/08/2019 16:45","0.67","","Promotion","","","",""
"Code With Andrea","11/08/2019 20:25","11/08/2019 20:35","0.17","","YouTube Production","","","",""
"Code With Andrea","12/08/2019 10:35","12/08/2019 11:10","0.58","","Promotion","","","",""
"Code With Andrea","12/08/2019 11:20","12/08/2019 12:45","1.42","","Flutter Firebase Course","","","",""
"Code With Andrea","12/08/2019 13:40","12/08/2019 16:30","2.83","","Development","","","",""
"Code With Andrea","12/08/2019 16:30","12/08/2019 17:05","0.58","","Flutter Firebase Course","","","",""
"Code With Andrea","13/08/2019 08:35","13/08/2019 10:00","1.42","","Flutter Firebase Course","","","",""
"Code With Andrea","13/08/2019 10:00","13/08/2019 10:55","0.92","","Flutter Firebase Course","","","",""
"Code With Andrea","13/08/2019 12:45","13/08/2019 14:50","2.08","","Flutter Firebase Course","","","",""
"Code With Andrea","13/08/2019 15:05","13/08/2019 16:15","1.17","","Flutter Firebase Course","","","",""
"Code With Andrea","13/08/2019 20:50","13/08/2019 21:20","0.5","","Flutter Firebase Course","","","",""
"Code With Andrea","14/08/2019 08:25","14/08/2019 09:50","1.42","","Flutter Firebase Course","","","",""
"Code With Andrea","14/08/2019 10:05","14/08/2019 10:50","0.75","","Flutter Firebase Course","","","",""
"Code With Andrea","14/08/2019 11:05","14/08/2019 12:25","1.33","","Flutter Firebase Course","","","",""
"Code With Andrea","14/08/2019 13:45","14/08/2019 14:15","0.5","","Flutter Firebase Course","","","",""
"Code With Andrea","14/08/2019 15:40","14/08/2019 16:50","1.17","","Flutter Firebase Course","","","",""
"Code With Andrea","15/08/2019 10:00","15/08/2019 12:25","2.42","","Flutter Firebase Course","","","",""
"Code With Andrea","15/08/2019 16:30","15/08/2019 17:55","1.42","","Flutter Firebase Course","","","",""
"Code With Andrea","15/08/2019 21:00","15/08/2019 22:10","1.17","","Flutter Firebase Course","","","",""
"Code With Andrea","16/08/2019 10:45","16/08/2019 12:40","1.92","","Flutter Firebase Course","","","",""
"Code With Andrea","16/08/2019 13:35","16/08/2019 15:10","1.58","","Flutter Firebase Course","","","",""
"Code With Andrea","16/08/2019 15:15","16/08/2019 15:45","0.5","","Development","","","",""
"Code With Andrea","16/08/2019 15:30","16/08/2019 16:30","1","","Flutter Firebase Course","","","",""
"Code With Andrea","16/08/2019 21:10","16/08/2019 21:35","0.42","","Development","","","",""
"Code With Andrea","17/08/2019 17:20","17/08/2019 18:05","0.75","","Development","","","",""
"Code With Andrea","17/08/2019 18:05","17/08/2019 18:20","0.25","","Community engagement","","","",""
"Code With Andrea","17/08/2019 21:00","17/08/2019 21:25","0.42","","Flutter Firebase Course","","","",""
"Code With Andrea","17/08/2019 22:15","17/08/2019 22:40","0.42","","Community engagement","","","",""
"Code With Andrea","18/08/2019 17:40","18/08/2019 18:10","0.5","","Community engagement","","","",""
"Code With Andrea","19/08/2019 08:45","19/08/2019 12:10","3.42","","Flutter Firebase Course","","","",""
"Code With Andrea","19/08/2019 13:35","19/08/2019 15:40","2.08","","Flutter Firebase Course","","","",""
"Code With Andrea","19/08/2019 15:50","19/08/2019 16:50","1","","Flutter Firebase Course","","","",""
"Code With Andrea","20/08/2019 08:25","20/08/2019 12:00","3.58","","Flutter Firebase Course","","","",""
"Code With Andrea","20/08/2019 12:40","20/08/2019 14:30","1.83","","Flutter Firebase Course","","","",""
"Code With Andrea","20/08/2019 14:40","20/08/2019 15:20","0.67","","Flutter Firebase Course","","","",""
"Code With Andrea","20/08/2019 21:50","20/08/2019 22:00","0.17","","Community engagement","","","",""
"Code With Andrea","20/08/2019 22:00","20/08/2019 23:05","1.08","","Flutter Firebase Course","","","",""
"Code With Andrea","21/08/2019 07:50","21/08/2019 08:35","0.75","","Flutter Firebase Course","","","",""
"Code With Andrea","21/08/2019 09:00","21/08/2019 12:20","3.33","","Flutter Firebase Course","","","",""
"Code With Andrea","21/08/2019 13:00","21/08/2019 14:05","1.08","","Flutter Firebase Course","","","",""
"Code With Andrea","21/08/2019 14:05","21/08/2019 16:00","1.92","","Flutter Firebase Course","","","",""
"Code With Andrea","21/08/2019 16:00","21/08/2019 17:00","1","","Flutter Firebase Course","","","",""
"Code With Andrea","21/08/2019 21:10","21/08/2019 22:25","1.25","","Development","","","",""
"Code With Andrea","22/08/2019 06:30","22/08/2019 08:05","1.58","","Flutter Firebase Course","","","",""
"Code With Andrea","22/08/2019 09:00","22/08/2019 12:15","3.25","","Flutter Firebase Course","","","",""
"Code With Andrea","22/08/2019 12:50","22/08/2019 14:00","1.17","","Flutter Firebase Course","","","",""
"Code With Andrea","22/08/2019 16:10","22/08/2019 17:30","1.33","","Community engagement","","","",""
"Code With Andrea","22/08/2019 17:30","22/08/2019 17:55","0.42","","","","","",""
"Code With Andrea","23/08/2019 09:05","23/08/2019 11:50","2.75","","Website / Setup","","","",""
"Code With Andrea","28/08/2019 22:00","28/08/2019 22:30","0.5","","","","","",""
"Code With Andrea","29/08/2019 07:30","29/08/2019 08:00","0.5","","Promotion","","","",""
"Code With Andrea","30/08/2019 21:00","30/08/2019 22:00","1","","Promotion","","","",""
"Code With Andrea","01/09/2019 22:00","01/09/2019 22:30","0.5","","Community engagement","","","",""
"Code With Andrea","01/09/2019 22:30","01/09/2019 22:45","0.25","","Promotion","","","",""
"Code With Andrea","04/09/2019 14:40","04/09/2019 15:50","1.17","","Promotion","","","",""
"Code With Andrea","04/09/2019 15:50","04/09/2019 16:50","1","","Promotion","","","",""
"Code With Andrea","04/09/2019 21:00","04/09/2019 21:30","0.5","","Community engagement","","","",""
"Code With Andrea","05/09/2019 06:30","05/09/2019 07:00","0.5","","Promotion","","","",""
"Code With Andrea","05/09/2019 10:30","05/09/2019 11:15","0.75","","","","","",""
"Code With Andrea","05/09/2019 16:05","05/09/2019 16:50","0.75","","","","","",""
"Code With Andrea","06/09/2019 07:05","06/09/2019 07:45","0.67","","Development","","","",""
"Code With Andrea","06/09/2019 08:30","06/09/2019 10:30","2","","YouTube Production","","","",""
"Code With Andrea","06/09/2019 11:15","06/09/2019 12:25","1.17","","Development","","","",""
"Code With Andrea","06/09/2019 17:00","06/09/2019 18:45","1.75","","Development","","","",""
"Code With Andrea","07/09/2019 11:15","07/09/2019 11:45","0.5","","","","","",""
"Code With Andrea","08/09/2019 20:15","08/09/2019 21:30","1.25","","Community engagement","","","",""
"Code With Andrea","09/09/2019 08:50","09/09/2019 10:35","1.75","","Promotion","","","",""
"Code With Andrea","09/09/2019 10:40","09/09/2019 11:15","0.58","","Community engagement","","","",""
"Code With Andrea","09/09/2019 11:15","09/09/2019 12:40","1.42","","Promotion","","","",""
"Code With Andrea","09/09/2019 13:40","09/09/2019 16:55","3.25","","Promotion","","","",""
"Code With Andrea","10/09/2019 08:55","10/09/2019 09:35","0.67","","Community engagement","","","",""
"Code With Andrea","10/09/2019 14:00","10/09/2019 14:30","0.5","","Community engagement","","","",""
"Code With Andrea","10/09/2019 14:30","10/09/2019 15:20","0.83","","Website / Setup","","","",""
"Code With Andrea","10/09/2019 15:25","10/09/2019 15:40","0.25","","Promotion","","","",""
"Code With Andrea","11/09/2019 09:05","11/09/2019 09:25","0.33","","","","","",""
"Code With Andrea","11/09/2019 09:25","11/09/2019 09:45","0.33","","Flutter Firebase Course","","","",""
"Code With Andrea","11/09/2019 09:45","11/09/2019 10:20","0.58","","","","","",""
"Code With Andrea","11/09/2019 10:20","11/09/2019 13:15","2.92","","Flutter Firebase Course","","","",""
"Code With Andrea","11/09/2019 15:35","11/09/2019 17:35","2","","Flutter Firebase Course","","","",""
"Code With Andrea","11/09/2019 17:35","11/09/2019 17:55","0.33","","","","","",""
"Code With Andrea","11/09/2019 21:35","11/09/2019 21:55","0.33","","Community engagement","","","",""
"Code With Andrea","12/09/2019 08:45","12/09/2019 11:25","2.67","","Flutter Firebase Course","","","",""
"Code With Andrea","12/09/2019 11:25","12/09/2019 12:20","0.92","","Flutter Firebase Course","","","",""
"Code With Andrea","12/09/2019 13:25","12/09/2019 14:55","1.5","","Flutter Firebase Course","","","",""
"Code With Andrea","12/09/2019 14:55","12/09/2019 15:15","0.33","","Flutter Firebase Course","","","",""
"Code With Andrea","12/09/2019 20:45","12/09/2019 21:15","0.5","","Community engagement","","","",""
"Code With Andrea","13/09/2019 09:00","13/09/2019 13:10","4.17","","Flutter Firebase Course","","","",""
"Code With Andrea","13/09/2019 21:00","13/09/2019 21:20","0.33","","","","","",""
"Code With Andrea","14/09/2019 07:20","14/09/2019 07:45","0.42","","Community engagement","","","",""
"Code With Andrea","16/09/2019 09:05","16/09/2019 11:00","1.92","","Flutter Firebase Course","","","",""
"Code With Andrea","16/09/2019 11:00","16/09/2019 12:30","1.5","","Flutter Firebase Course","","","",""
"Code With Andrea","16/09/2019 13:10","16/09/2019 15:25","2.25","","Flutter Firebase Course","","","",""
"Code With Andrea","16/09/2019 15:30","16/09/2019 16:55","1.42","","Flutter Firebase Course","","","",""
"Code With Andrea","16/09/2019 18:30","16/09/2019 21:30","3","","Community engagement","","","",""
"Code With Andrea","17/09/2019 08:50","17/09/2019 11:40","2.83","","Flutter Firebase Course","","","",""
"Code With Andrea","17/09/2019 11:40","17/09/2019 12:00","0.33","","Community engagement","","","",""
"Code With Andrea","17/09/2019 13:40","17/09/2019 15:35","1.92","","Flutter Firebase Course","","","",""
"Code With Andrea","17/09/2019 15:35","17/09/2019 16:05","0.5","","","","","",""
"Code With Andrea","17/09/2019 21:00","17/09/2019 22:00","1","","Flutter Firebase Course","","","",""
"Code With Andrea","18/09/2019 10:55","18/09/2019 11:45","0.83","","Flutter Firebase Course","","","",""
"Code With Andrea","18/09/2019 11:50","18/09/2019 12:10","0.33","","Flutter Firebase Course","","","",""
"Code With Andrea","18/09/2019 12:55","18/09/2019 14:45","1.83","","Flutter Firebase Course","","","",""
"Code With Andrea","18/09/2019 14:45","18/09/2019 16:30","1.75","","Flutter Firebase Course","","","",""
"Code With Andrea","19/09/2019 09:45","19/09/2019 10:50","1.08","","Promotion","","","",""
"Code With Andrea","19/09/2019 11:05","19/09/2019 12:00","0.92","","YouTube Production","","","",""
"Code With Andrea","19/09/2019 14:50","19/09/2019 15:20","0.5","","Community engagement","","","",""
"Code With Andrea","19/09/2019 15:20","19/09/2019 16:40","1.33","","YouTube Production","","","",""
"Code With Andrea","19/09/2019 17:05","19/09/2019 17:50","0.75","","Development","","","",""
"Code With Andrea","19/09/2019 21:00","19/09/2019 21:30","0.5","","Community engagement","","","",""
"Code With Andrea","20/09/2019 09:45","20/09/2019 10:00","0.25","","","","","",""
"Code With Andrea","20/09/2019 10:00","20/09/2019 11:20","1.33","","YouTube Production","","","",""
"Code With Andrea","20/09/2019 16:15","20/09/2019 17:00","0.75","","YouTube Production","","","",""
"Code With Andrea","21/09/2019 21:00","21/09/2019 21:30","0.5","","Community engagement","","","",""
"Code With Andrea","23/09/2019 09:00","23/09/2019 10:00","1","","YouTube Production","","","",""
"Code With Andrea","23/09/2019 10:00","23/09/2019 11:00","1","","YouTube Production","","","",""
"Code With Andrea","23/09/2019 11:25","23/09/2019 12:30","1.08","","Website / Setup","","","",""
"Code With Andrea","23/09/2019 15:00","23/09/2019 16:35","1.58","","YouTube Production","","","",""
"Code With Andrea","23/09/2019 16:45","23/09/2019 17:00","0.25","","Community engagement","","","",""
"Code With Andrea","23/09/2019 17:00","23/09/2019 17:45","0.75","","Website / Setup","","","",""
"Code With Andrea","24/09/2019 09:10","24/09/2019 11:20","2.17","","YouTube Production","","","",""
"Code With Andrea","24/09/2019 11:20","24/09/2019 12:05","0.75","","YouTube Production","","","",""
"Code With Andrea","24/09/2019 13:20","24/09/2019 13:55","0.58","","YouTube Production","","","",""
"Code With Andrea","24/09/2019 14:30","24/09/2019 14:45","0.25","","Community engagement","","","",""
"Code With Andrea","24/09/2019 15:45","24/09/2019 17:15","1.5","","Website / Setup","","","",""
"Code With Andrea","24/09/2019 21:00","24/09/2019 21:45","0.75","","Website / Setup","","","",""
"Code With Andrea","25/09/2019 09:05","25/09/2019 09:15","0.17","","","","","",""
"Code With Andrea","25/09/2019 09:15","25/09/2019 09:40","0.42","","Community engagement","","","",""
"Code With Andrea","25/09/2019 09:40","25/09/2019 10:40","1","","","","","",""
"Code With Andrea","25/09/2019 13:05","25/09/2019 16:05","3","","YouTube Production","","","",""
"Code With Andrea","26/09/2019 09:00","26/09/2019 09:35","0.58","","BizDev / Sponsors","","","",""
"Code With Andrea","26/09/2019 09:35","26/09/2019 12:45","3.17","","YouTube Production","","","",""
"Code With Andrea","26/09/2019 13:45","26/09/2019 15:10","1.42","","YouTube Production","","","",""
"Code With Andrea","26/09/2019 15:20","26/09/2019 16:00","0.67","","YouTube Production","","","",""
"Code With Andrea","26/09/2019 20:00","26/09/2019 20:40","0.67","","BizDev / Sponsors","","","",""
"Code With Andrea","26/09/2019 20:40","26/09/2019 20:50","0.17","","Community engagement","","","",""
"Code With Andrea","26/09/2019 21:00","26/09/2019 21:10","0.17","","BizDev / Sponsors","","","",""
"Code With Andrea","27/09/2019 09:00","27/09/2019 10:35","1.58","","YouTube Production","","","",""
"Code With Andrea","27/09/2019 10:40","27/09/2019 12:15","1.58","","YouTube Production","","","",""
"Code With Andrea","27/09/2019 13:00","27/09/2019 13:40","0.67","","YouTube Production","","","",""
"Code With Andrea","27/09/2019 13:40","27/09/2019 13:55","0.25","","YouTube Production","","","",""
"Code With Andrea","27/09/2019 15:00","27/09/2019 15:35","0.58","","Development","","","",""
"Code With Andrea","28/09/2019 13:50","28/09/2019 14:50","1","","Development","","","",""
"Code With Andrea","28/09/2019 16:00","28/09/2019 17:00","1","","Development","","","",""
"Code With Andrea","29/09/2019 13:00","29/09/2019 14:55","1.92","","YouTube Production","","","",""
"Code With Andrea","30/09/2019 07:45","30/09/2019 08:35","0.83","","YouTube Production","","","",""
"Code With Andrea","30/09/2019 08:35","30/09/2019 09:20","0.75","","YouTube Production","","","",""
"Code With Andrea","30/09/2019 11:00","30/09/2019 11:50","0.83","","YouTube Production","","","",""
"Code With Andrea","30/09/2019 14:25","30/09/2019 15:15","0.83","","YouTube Production","","","",""
"Code With Andrea","30/09/2019 15:15","30/09/2019 16:45","1.5","","YouTube Production","","","",""
"Code With Andrea","30/09/2019 17:20","30/09/2019 17:30","0.17","","YouTube Production","","","",""
"Code With Andrea","30/09/2019 21:00","30/09/2019 22:55","1.92","","YouTube Production","","","",""
"Code With Andrea","01/10/2019 10:55","01/10/2019 12:25","1.5","","Development","","","",""
"Code With Andrea","01/10/2019 14:00","01/10/2019 15:40","1.67","","YouTube Production","","","",""
"Code With Andrea","01/10/2019 15:40","01/10/2019 15:45","0.08","","Community engagement","","","",""
"Code With Andrea","01/10/2019 15:30","01/10/2019 17:30","2","","YouTube Production","","","",""
"Code With Andrea","01/10/2019 20:40","01/10/2019 21:35","0.92","","YouTube Production","","","",""
"Code With Andrea","02/10/2019 08:20","02/10/2019 09:30","1.17","","Blogging","","","",""
"Code With Andrea","02/10/2019 09:20","02/10/2019 11:15","1.92","","YouTube Production","","","",""
"Code With Andrea","02/10/2019 11:30","02/10/2019 11:50","0.33","","YouTube Production","","","",""
"Code With Andrea","02/10/2019 12:15","02/10/2019 12:40","0.42","","YouTube Production","","","",""
"Code With Andrea","02/10/2019 14:25","02/10/2019 16:05","1.67","","YouTube Production","","","",""
"Code With Andrea","02/10/2019 16:05","02/10/2019 16:30","0.42","","","","","",""
"Code With Andrea","03/10/2019 09:05","03/10/2019 10:35","1.5","","YouTube Production","","","",""
"Code With Andrea","03/10/2019 10:35","03/10/2019 10:55","0.33","","YouTube Production","","","",""
"Code With Andrea","03/10/2019 10:55","03/10/2019 12:35","1.67","","YouTube Production","","","",""
"Code With Andrea","03/10/2019 13:25","03/10/2019 14:15","0.83","","YouTube Production","","","",""
"Code With Andrea","03/10/2019 14:15","03/10/2019 14:40","0.42","","YouTube Production","","","",""
"Code With Andrea","03/10/2019 14:40","03/10/2019 14:55","0.25","","YouTube Production","","","",""
"Code With Andrea","03/10/2019 21:05","03/10/2019 21:25","0.33","","Community engagement","","","",""
"Code With Andrea","04/10/2019 09:25","04/10/2019 12:45","3.33","","YouTube Production","","","",""
"Code With Andrea","04/10/2019 13:35","04/10/2019 14:00","0.42","","Community engagement","","","",""
"Code With Andrea","04/10/2019 18:00","04/10/2019 18:30","0.5","","Promotion","","","",""
"Code With Andrea","05/10/2019 13:00","05/10/2019 14:15","1.25","","Community engagement","","","",""
"Code With Andrea","06/10/2019 09:20","06/10/2019 09:50","0.5","","Community engagement","","","",""
"Code With Andrea","06/10/2019 17:00","06/10/2019 17:30","0.5","","Development","","","",""
"Code With Andrea","06/10/2019 21:00","06/10/2019 21:30","0.5","","Development","","","",""
"Code With Andrea","07/10/2019 09:05","07/10/2019 09:55","0.83","","YouTube Production","","","",""
"Code With Andrea","07/10/2019 09:55","07/10/2019 11:25","1.5","","Development","","","",""
"Code With Andrea","07/10/2019 14:15","07/10/2019 14:55","0.67","","Development","","","",""
"Code With Andrea","07/10/2019 14:55","07/10/2019 17:30","2.58","","Development","","","",""
"Code With Andrea","08/10/2019 09:10","08/10/2019 11:10","2","","Development","","","",""
"Code With Andrea","08/10/2019 14:15","08/10/2019 14:40","0.42","","Development","","","",""
"Code With Andrea","08/10/2019 15:10","08/10/2019 16:40","1.5","","YouTube Production","","","",""
"Code With Andrea","08/10/2019 16:55","08/10/2019 17:10","0.25","","Community engagement","","","",""
"Code With Andrea","09/10/2019 09:10","09/10/2019 09:45","0.58","","Analytics / Growth","","","",""
"Code With Andrea","09/10/2019 09:45","09/10/2019 11:30","1.75","","YouTube Production","","","",""
"Code With Andrea","09/10/2019 11:30","09/10/2019 12:25","0.92","","","","","",""
"Code With Andrea","09/10/2019 13:20","09/10/2019 15:00","1.67","","YouTube Production","","","",""
"Code With Andrea","09/10/2019 15:25","09/10/2019 16:15","0.83","","YouTube Production","","","",""
"Code With Andrea","09/10/2019 16:15","09/10/2019 16:35","0.33","","Development","","","",""
"Code With Andrea","10/10/2019 09:00","10/10/2019 09:45","0.75","","Promotion","","","",""
"Code With Andrea","10/10/2019 09:45","10/10/2019 11:45","2","","YouTube Production","","","",""
"Code With Andrea","10/10/2019 13:30","10/10/2019 15:30","2","","YouTube Production","","","",""
"Code With Andrea","10/10/2019 15:45","10/10/2019 16:45","1","","YouTube Production","","","",""
"Code With Andrea","10/10/2019 16:55","10/10/2019 17:05","0.17","","Community engagement","","","",""
"Code With Andrea","10/10/2019 21:00","10/10/2019 22:00","1","","Analytics / Growth","","","",""
"Code With Andrea","11/10/2019 09:00","11/10/2019 10:15","1.25","","YouTube Production","","","",""
"Code With Andrea","11/10/2019 10:15","11/10/2019 11:25","1.17","","YouTube Production","","","",""
"Code With Andrea","11/10/2019 11:35","11/10/2019 11:50","0.25","","Community engagement","","","",""
"Code With Andrea","11/10/2019 11:50","11/10/2019 12:25","0.58","","BizDev / Sponsors","","","",""
"Code With Andrea","11/10/2019 12:35","11/10/2019 12:55","0.33","","YouTube Production","","","",""
"Code With Andrea","11/10/2019 15:55","11/10/2019 16:25","0.5","","Community engagement","","","",""
"Code With Andrea","11/10/2019 16:30","11/10/2019 17:15","0.75","","Analytics / Growth","","","",""
"Code With Andrea","12/10/2019 13:45","12/10/2019 15:15","1.5","","Analytics / Growth","","","",""
"Code With Andrea","13/10/2019 10:00","13/10/2019 10:35","0.58","","Community engagement","","","",""
"Code With Andrea","13/10/2019 16:30","13/10/2019 17:30","1","","Analytics / Growth","","","",""
"Code With Andrea","13/10/2019 19:55","13/10/2019 20:35","0.67","","","","","",""
"Code With Andrea","14/10/2019 08:45","14/10/2019 09:40","0.92","","YouTube Production","","","",""
"Code With Andrea","14/10/2019 11:15","14/10/2019 11:45","0.5","","Admin","","","",""
"Code With Andrea","14/10/2019 11:45","14/10/2019 12:15","0.5","","Flutter Firebase Course","","","",""
"Code With Andrea","14/10/2019 12:45","14/10/2019 14:00","1.25","","Flutter Firebase Course","","","",""
"Code With Andrea","14/10/2019 14:15","14/10/2019 14:25","0.17","","Flutter Firebase Course","","","",""
"Code With Andrea","14/10/2019 14:40","14/10/2019 15:50","1.17","","YouTube Production","","","",""
"Code With Andrea","14/10/2019 15:55","14/10/2019 16:15","0.33","","Community engagement","","","",""
"Code With Andrea","14/10/2019 16:20","14/10/2019 17:25","1.08","","Development","","","",""
"Code With Andrea","14/10/2019 20:40","14/10/2019 21:20","0.67","","YouTube Production","","","",""
"Code With Andrea","15/10/2019 09:05","15/10/2019 12:45","3.67","","Flutter Firebase Course","","","",""
"Code With Andrea","15/10/2019 14:15","15/10/2019 16:00","1.75","","Flutter Firebase Course","","","",""
"Code With Andrea","16/10/2019 10:30","16/10/2019 11:00","0.5","","Community engagement","","","",""
"Code With Andrea","16/10/2019 13:20","16/10/2019 14:10","0.83","","Flutter Firebase Course","","","",""
"Code With Andrea","16/10/2019 16:00","16/10/2019 17:10","1.17","","Flutter Firebase Course","","","",""
"Code With Andrea","17/10/2019 09:00","17/10/2019 10:15","1.25","","Flutter Firebase Course","","","",""
"Code With Andrea","17/10/2019 10:30","17/10/2019 11:50","1.33","","Flutter Firebase Course","","","",""
"Code With Andrea","17/10/2019 12:45","17/10/2019 13:40","0.92","","Flutter Firebase Course","","","",""
"Code With Andrea","17/10/2019 13:45","17/10/2019 14:15","0.5","","Blogging","","","",""
"Code With Andrea","17/10/2019 15:00","17/10/2019 15:10","0.17","","Flutter Firebase Course","","","",""
"Code With Andrea","17/10/2019 16:00","17/10/2019 17:00","1","","Flutter Firebase Course","","","",""
"Code With Andrea","18/10/2019 09:00","18/10/2019 10:50","1.83","","Flutter Firebase Course","","","",""
"Code With Andrea","18/10/2019 11:00","18/10/2019 12:00","1","","Flutter Firebase Course","","","",""
"Code With Andrea","18/10/2019 12:40","18/10/2019 13:30","0.83","","","","","",""
"Code With Andrea","18/10/2019 13:40","18/10/2019 13:55","0.25","","","","","",""
"Code With Andrea","21/10/2019 09:40","21/10/2019 10:15","0.58","","YouTube Production","","","",""
"Code With Andrea","21/10/2019 11:00","21/10/2019 13:05","2.08","","Flutter Firebase Course","","","",""
"Code With Andrea","21/10/2019 14:30","21/10/2019 14:50","0.33","","Flutter Firebase Course","","","",""
"Code With Andrea","21/10/2019 14:50","21/10/2019 15:30","0.67","","Flutter Firebase Course","","","",""
"Code With Andrea","21/10/2019 15:40","21/10/2019 16:10","0.5","","Flutter Firebase Course","","","",""
"Code With Andrea","21/10/2019 16:45","21/10/2019 17:25","0.67","","Flutter Firebase Course","","","",""
"Code With Andrea","22/10/2019 08:55","22/10/2019 09:00","0.08","","Community engagement","","","",""
"Code With Andrea","22/10/2019 09:00","22/10/2019 10:50","1.83","","Blogging","","","",""
"Code With Andrea","22/10/2019 10:50","22/10/2019 11:15","0.42","","","","","",""
"Code With Andrea","22/10/2019 14:00","22/10/2019 14:15","0.25","","Admin","","","",""
"Code With Andrea","22/10/2019 14:15","22/10/2019 14:30","0.25","","Admin","","","",""
"Code With Andrea","22/10/2019 14:30","22/10/2019 16:10","1.67","","Blogging","","","",""
"Code With Andrea","23/10/2019 08:30","23/10/2019 10:20","1.83","","Flutter Firebase Course","","","",""
"Code With Andrea","23/10/2019 11:40","23/10/2019 12:20","0.67","","Flutter Firebase Course","","","",""
"Code With Andrea","23/10/2019 13:00","23/10/2019 14:00","1","","Flutter Firebase Course","","","",""
"Code With Andrea","23/10/2019 14:00","23/10/2019 16:10","2.17","","Flutter Firebase Course","","","",""
"Code With Andrea","24/10/2019 09:20","24/10/2019 12:05","2.75","","Flutter Firebase Course","","","",""
"Code With Andrea","24/10/2019 13:45","24/10/2019 15:00","1.25","","Blogging","","","",""
"Code With Andrea","24/10/2019 15:20","24/10/2019 15:50","0.5","","Blogging","","","",""
"Code With Andrea","24/10/2019 15:50","24/10/2019 16:10","0.33","","Community engagement","","","",""
"Code With Andrea","24/10/2019 16:20","24/10/2019 16:50","0.5","","Flutter Firebase Course","","","",""
"Code With Andrea","24/10/2019 20:35","24/10/2019 21:15","0.67","","Flutter Firebase Course","","","",""
"Code With Andrea","25/10/2019 16:45","25/10/2019 17:20","0.58","","Community engagement","","","",""
"Code With Andrea","25/10/2019 17:55","25/10/2019 18:15","0.33","","Flutter Firebase Course","","","",""
"Code With Andrea","26/10/2019 10:15","26/10/2019 11:15","1","","Flutter Firebase Course","","","",""
"Code With Andrea","26/10/2019 20:30","26/10/2019 21:00","0.5","","Community engagement","","","",""
"Code With Andrea","27/10/2019 20:25","27/10/2019 20:35","0.17","","Community engagement","","","",""
"Code With Andrea","27/10/2019 20:35","27/10/2019 21:55","1.33","","YouTube Production","","","",""
"Code With Andrea","28/10/2019 08:55","28/10/2019 09:10","0.25","","YouTube Production","","","",""
"Code With Andrea","28/10/2019 09:10","28/10/2019 10:35","1.42","","Flutter Firebase Course","","","",""
"Code With Andrea","28/10/2019 10:40","28/10/2019 12:20","1.67","","Flutter Firebase Course","","","",""
"Code With Andrea","28/10/2019 13:15","28/10/2019 14:40","1.42","","Flutter Firebase Course","","","",""
"Code With Andrea","28/10/2019 15:15","28/10/2019 16:30","1.25","","Flutter Firebase Course","","","",""
"Code With Andrea","28/10/2019 21:00","28/10/2019 22:00","1","","Analytics / Growth","","","",""
"Code With Andrea","29/10/2019 09:00","29/10/2019 10:55","1.92","","Flutter Firebase Course","","","",""
"Code With Andrea","29/10/2019 11:00","29/10/2019 11:50","0.83","","Flutter Firebase Course","","","",""
"Code With Andrea","29/10/2019 13:10","29/10/2019 13:45","0.58","","Admin","","","",""
"Code With Andrea","29/10/2019 14:10","29/10/2019 14:45","0.58","","Development","","","",""
"Code With Andrea","29/10/2019 14:50","29/10/2019 15:05","0.25","","Community engagement","","","",""
"Code With Andrea","29/10/2019 15:05","29/10/2019 15:20","0.25","","Community engagement","","","",""
"Code With Andrea","29/10/2019 15:45","29/10/2019 16:00","0.25","","Flutter Firebase Course","","","",""
"Code With Andrea","29/10/2019 16:00","29/10/2019 16:45","0.75","","Analytics / Growth","","","",""
"Code With Andrea","29/10/2019 20:20","29/10/2019 21:20","1","","Community engagement","","","",""
"Code With Andrea","30/10/2019 09:05","30/10/2019 11:05","2","","YouTube Production","","","",""
"Code With Andrea","30/10/2019 11:05","30/10/2019 12:30","1.42","","YouTube Production","","","",""
"Code With Andrea","30/10/2019 14:00","30/10/2019 15:35","1.58","","YouTube Production","","","",""
"Code With Andrea","30/10/2019 15:35","30/10/2019 16:30","0.92","","YouTube Production","","","",""
"Code With Andrea","31/10/2019 09:00","31/10/2019 10:35","1.58","","YouTube Production","","","",""
"Code With Andrea","31/10/2019 13:00","31/10/2019 13:50","0.83","","YouTube Production","","","",""
"Code With Andrea","31/10/2019 13:50","31/10/2019 14:05","0.25","","Community engagement","","","",""
"Code With Andrea","31/10/2019 14:05","31/10/2019 14:30","0.42","","Analytics / Growth","","","",""
"Code With Andrea","31/10/2019 15:00","31/10/2019 15:10","0.17","","YouTube Production","","","",""
"Code With Andrea","01/11/2019 08:50","01/11/2019 09:20","0.5","","","","","",""
"Code With Andrea","01/11/2019 09:20","01/11/2019 11:35","2.25","","","","","",""
"Code With Andrea","01/11/2019 12:45","01/11/2019 14:05","1.33","","","","","",""
"Code With Andrea","01/11/2019 15:30","01/11/2019 17:00","1.5","","","","","",""
"Code With Andrea","02/11/2019 11:00","02/11/2019 11:20","0.33","","YouTube Production","","","",""
"Code With Andrea","03/11/2019 15:00","03/11/2019 15:55","0.92","","Development","","","",""
"Code With Andrea","03/11/2019 16:05","03/11/2019 17:05","1","","Development","","","",""
"Code With Andrea","03/11/2019 20:15","03/11/2019 21:15","1","","Development","","","",""
"Code With Andrea","04/11/2019 08:15","04/11/2019 08:45","0.5","","YouTube Production","","","",""
"Code With Andrea","04/11/2019 08:45","04/11/2019 09:15","0.5","","Community engagement","","","",""
"Code With Andrea","04/11/2019 15:15","04/11/2019 16:45","1.5","","","","","",""
"Code With Andrea","05/11/2019 14:30","05/11/2019 15:30","1","","","","","",""
"Code With Andrea","12/11/2019 21:30","12/11/2019 22:05","0.58","","Community engagement","","","",""
"Code With Andrea","20/11/2019 16:30","20/11/2019 16:45","0.25","","Analytics / Growth","","","",""
"Code With Andrea","20/11/2019 16:45","20/11/2019 17:25","0.67","","Community engagement","","","",""
"Code With Andrea","21/11/2019 05:20","21/11/2019 06:20","1","","YouTube Production","","","",""
"Code With Andrea","21/11/2019 09:00","21/11/2019 10:40","1.67","","YouTube Production","","","",""
"Code With Andrea","21/11/2019 10:55","21/11/2019 12:40","1.75","","YouTube Production","","","",""
"Code With Andrea","21/11/2019 13:20","21/11/2019 14:30","1.17","","YouTube Production","","","",""
"Code With Andrea","21/11/2019 14:35","21/11/2019 14:55","0.33","","Community engagement","","","",""
"Code With Andrea","22/11/2019 08:55","22/11/2019 10:50","1.92","","YouTube Production","","","",""
"Code With Andrea","22/11/2019 13:35","22/11/2019 13:55","0.33","","Community engagement","","","",""
"Code With Andrea","22/11/2019 15:15","22/11/2019 15:45","0.5","","YouTube Production","","","",""
"Code With Andrea","23/11/2019 14:10","23/11/2019 14:15","0.08","","","","","",""
"Code With Andrea","23/11/2019 22:10","23/11/2019 22:55","0.75","","Analytics / Growth","","","",""
"Code With Andrea","23/11/2019 23:00","24/11/2019 02:00","3","","YouTube Production","","","",""
"Code With Andrea","25/11/2019 09:15","25/11/2019 10:15","1","","Analytics / Growth","","","",""
"Code With Andrea","25/11/2019 10:15","25/11/2019 11:15","1","","Analytics / Growth","","","",""
"Code With Andrea","25/11/2019 11:50","25/11/2019 13:10","1.33","","YouTube Production","","","",""
"Code With Andrea","25/11/2019 14:05","25/11/2019 14:15","0.17","","Community engagement","","","",""
"Code With Andrea","25/11/2019 14:15","25/11/2019 14:25","0.17","","Development","","","",""
"Code With Andrea","25/11/2019 14:30","25/11/2019 15:35","1.08","","Development","","","",""
"Code With Andrea","25/11/2019 15:40","25/11/2019 16:55","1.25","","YouTube Production","","","",""
"Code With Andrea","25/11/2019 20:30","25/11/2019 20:50","0.33","","Community engagement","","","",""
"Code With Andrea","26/11/2019 09:00","26/11/2019 10:05","1.08","","Website / Setup","","","",""
"Code With Andrea","26/11/2019 10:05","26/11/2019 10:30","0.42","","Community engagement","","","",""
"Code With Andrea","26/11/2019 10:40","26/11/2019 12:00","1.33","","YouTube Production","","","",""
"Code With Andrea","26/11/2019 13:20","26/11/2019 13:40","0.33","","Development","","","",""
"Code With Andrea","26/11/2019 13:40","26/11/2019 14:40","1","","","","","",""
"Code With Andrea","26/11/2019 15:10","26/11/2019 15:55","0.75","","YouTube Production","","","",""
"Code With Andrea","26/11/2019 15:55","26/11/2019 16:15","0.33","","Development","","","",""
"Code With Andrea","27/11/2019 08:00","27/11/2019 08:40","0.67","","YouTube Production","","","",""
"Code With Andrea","27/11/2019 08:40","27/11/2019 09:20","0.67","","Blogging","","","",""
"Code With Andrea","27/11/2019 11:45","27/11/2019 12:25","0.67","","YouTube Production","","","",""
"Code With Andrea","27/11/2019 13:25","27/11/2019 15:40","2.25","","YouTube Production","","","",""
"Code With Andrea","27/11/2019 15:45","27/11/2019 17:10","1.42","","Blogging","","","",""
"Code With Andrea","27/11/2019 21:00","27/11/2019 22:30","1.5","","Blogging","","","",""
"Code With Andrea","28/11/2019 08:25","28/11/2019 09:55","1.5","","YouTube Production","","","",""
"Code With Andrea","28/11/2019 10:55","28/11/2019 12:15","1.33","","YouTube Production","","","",""
"Code With Andrea","28/11/2019 16:00","28/11/2019 17:30","1.5","","Development","","","",""
"Code With Andrea","28/11/2019 21:30","28/11/2019 22:20","0.83","","","","","",""
"Code With Andrea","29/11/2019 09:10","29/11/2019 09:35","0.42","","Community engagement","","","",""
"Code With Andrea","29/11/2019 09:35","29/11/2019 10:10","0.58","","YouTube Production","","","",""
"Code With Andrea","02/12/2019 09:00","02/12/2019 09:30","0.5","","YouTube Production","","","",""
"Code With Andrea","02/12/2019 09:30","02/12/2019 09:40","0.17","","Community engagement","","","",""
"Code With Andrea","02/12/2019 09:40","02/12/2019 10:05","0.42","","Analytics / Growth","","","",""
"Code With Andrea","02/12/2019 10:05","02/12/2019 10:30","0.42","","Analytics / Growth","","","",""
"Code With Andrea","02/12/2019 10:30","02/12/2019 11:45","1.25","","Blogging","","","",""
"Code With Andrea","02/12/2019 13:30","02/12/2019 14:55","1.42","","Development","","","",""
"Code With Andrea","02/12/2019 15:40","02/12/2019 16:40","1","","Development","","","",""
"Code With Andrea","02/12/2019 16:45","02/12/2019 17:05","0.33","","Client Leads","","","",""
"Code With Andrea","03/12/2019 09:05","03/12/2019 09:25","0.33","","Community engagement","","","",""
"Code With Andrea","03/12/2019 09:25","03/12/2019 09:40","0.25","","Client Leads","","","",""
"Code With Andrea","03/12/2019 09:45","03/12/2019 10:40","0.92","","Development","","","",""
"Code With Andrea","03/12/2019 13:55","03/12/2019 15:00","1.08","","Blogging","","","",""
"Code With Andrea","03/12/2019 15:00","03/12/2019 15:30","0.5","","Blogging","","","",""
"Code With Andrea","03/12/2019 15:45","03/12/2019 16:30","0.75","","Client Leads","","","",""
"Code With Andrea","04/12/2019 08:30","04/12/2019 09:00","0.5","","Website / Setup","","","",""
"Code With Andrea","04/12/2019 09:30","04/12/2019 12:30","3","","Website / Setup","","","",""
"Code With Andrea","04/12/2019 14:45","04/12/2019 16:50","2.08","","Website / Setup","","","",""
"Code With Andrea","04/12/2019 16:50","04/12/2019 17:05","0.25","","Community engagement","","","",""
"Code With Andrea","04/12/2019 17:05","04/12/2019 17:35","0.5","","Website / Setup","","","",""
"Code With Andrea","04/12/2019 20:20","04/12/2019 21:40","1.33","","Website / Setup","","","",""
"Code With Andrea","05/12/2019 05:20","05/12/2019 07:15","1.92","","Website / Setup","","","",""
"Code With Andrea","05/12/2019 09:00","05/12/2019 11:40","2.67","","Website / Setup","","","",""
"Code With Andrea","05/12/2019 19:15","05/12/2019 19:30","0.25","","Blogging","","","",""
"Code With Andrea","05/12/2019 20:00","05/12/2019 20:45","0.75","","YouTube Production","","","",""
"Code With Andrea","05/12/2019 20:45","05/12/2019 21:10","0.42","","Community engagement","","","",""
"Code With Andrea","06/12/2019 09:10","06/12/2019 12:10","3","","Website / Setup","","","",""
"Code With Andrea","06/12/2019 13:25","06/12/2019 15:20","1.92","","Website / Setup","","","",""
"Code With Andrea","06/12/2019 15:45","06/12/2019 17:00","1.25","","Website / Setup","","","",""
"Code With Andrea","06/12/2019 17:15","06/12/2019 17:50","0.58","","Website / Setup","","","",""
"Code With Andrea","06/12/2019 20:10","06/12/2019 21:10","1","","Community engagement","","","",""
"Code With Andrea","06/12/2019 21:10","06/12/2019 22:05","0.92","","Website / Setup","","","",""
"Code With Andrea","08/12/2019 14:35","08/12/2019 17:10","2.58","","Website / Setup","","","",""
"Code With Andrea","08/12/2019 20:40","08/12/2019 23:00","2.33","","Website / Setup","","","",""
"Code With Andrea","09/12/2019 09:05","09/12/2019 11:25","2.33","","YouTube Production","","","",""
"Code With Andrea","09/12/2019 11:40","09/12/2019 11:55","0.25","","YouTube Production","","","",""
"Code With Andrea","09/12/2019 11:55","09/12/2019 12:10","0.25","","Community engagement","","","",""
"Code With Andrea","09/12/2019 13:05","09/12/2019 14:45","1.67","","YouTube Production","","","",""
"Code With Andrea","09/12/2019 14:45","09/12/2019 15:05","0.33","","Blogging","","","",""
"Code With Andrea","09/12/2019 15:45","09/12/2019 17:00","1.25","","Blogging","","","",""
"Code With Andrea","09/12/2019 20:30","09/12/2019 20:50","0.33","","Website / Setup","","","",""
"Code With Andrea","10/12/2019 09:00","10/12/2019 12:25","3.42","","YouTube Production","","","",""
"Code With Andrea","10/12/2019 13:30","10/12/2019 13:50","0.33","","YouTube Production","","","",""
"Code With Andrea","10/12/2019 14:05","10/12/2019 15:10","1.08","","YouTube Production","","","",""
"Code With Andrea","10/12/2019 16:00","10/12/2019 16:45","0.75","","YouTube Production","","","",""
"Code With Andrea","10/12/2019 16:50","10/12/2019 17:35","0.75","","Blogging","","","",""
"Code With Andrea","10/12/2019 20:20","10/12/2019 22:20","2","","Website / Setup","","","",""
"Code With Andrea","11/12/2019 09:00","11/12/2019 09:10","0.17","","Community engagement","","","",""
"Code With Andrea","11/12/2019 09:10","11/12/2019 09:25","0.25","","Community engagement","","","",""
"Code With Andrea","11/12/2019 09:25","11/12/2019 12:30","3.08","","YouTube Production","","","",""
"Code With Andrea","11/12/2019 13:15","11/12/2019 16:30","3.25","","YouTube Production","","","",""
"Code With Andrea","12/12/2019 08:55","12/12/2019 09:05","0.17","","Community engagement","","","",""
"Code With Andrea","12/12/2019 09:05","12/12/2019 11:25","2.33","","YouTube Production","","","",""
"Code With Andrea","12/12/2019 11:35","12/12/2019 12:40","1.08","","YouTube Production","","","",""
"Code With Andrea","12/12/2019 13:20","12/12/2019 15:10","1.83","","YouTube Production","","","",""
"Code With Andrea","12/12/2019 15:55","12/12/2019 16:20","0.42","","YouTube Production","","","",""
"Code With Andrea","12/12/2019 20:45","12/12/2019 22:00","1.25","","Website / Setup","","","",""
"Code With Andrea","13/12/2019 09:00","13/12/2019 11:45","2.75","","YouTube Production","","","",""
"Code With Andrea","13/12/2019 12:25","13/12/2019 12:45","0.33","","YouTube Production","","","",""
"Code With Andrea","13/12/2019 12:45","13/12/2019 13:50","1.08","","Blogging","","","",""
"Code With Andrea","13/12/2019 15:10","13/12/2019 15:45","0.58","","Blogging","","","",""
"Code With Andrea","14/12/2019 17:35","14/12/2019 17:55","0.33","","","","","",""
"Code With Andrea","14/12/2019 21:00","14/12/2019 23:00","2","","Blogging","","","",""
"Code With Andrea","16/12/2019 09:00","16/12/2019 11:25","2.42","","Blogging","","","",""
"Code With Andrea","16/12/2019 11:35","16/12/2019 12:45","1.17","","Blogging","","","",""
"Code With Andrea","16/12/2019 13:30","16/12/2019 14:00","0.5","","Blogging","","","",""
"Code With Andrea","16/12/2019 14:05","16/12/2019 14:55","0.83","","Promotion","","","",""
"Code With Andrea","16/12/2019 15:15","16/12/2019 16:55","1.67","","Website / Setup","","","",""
"Code With Andrea","16/12/2019 16:55","16/12/2019 17:15","0.33","","Analytics / Growth","","","",""
"Code With Andrea","16/12/2019 21:00","16/12/2019 22:30","1.5","","Website / Setup","","","",""
"Code With Andrea","17/12/2019 09:15","17/12/2019 10:15","1","","Website / Setup","","","",""
"Code With Andrea","17/12/2019 10:20","17/12/2019 12:25","2.08","","Website / Setup","","","",""
"Code With Andrea","17/12/2019 15:15","17/12/2019 16:15","1","","Website / Setup","","","",""
"Code With Andrea","17/12/2019 16:15","17/12/2019 17:35","1.33","","Website / Setup","","","",""
"Code With Andrea","17/12/2019 20:20","17/12/2019 21:45","1.42","","Website / Setup","","","",""
"Code With Andrea","18/12/2019 09:20","18/12/2019 10:00","0.67","","Website / Setup","","","",""
"Code With Andrea","18/12/2019 10:00","18/12/2019 11:20","1.33","","Website / Setup","","","",""
"Code With Andrea","18/12/2019 13:50","18/12/2019 14:45","0.92","","Website / Setup","","","",""
"Code With Andrea","18/12/2019 14:45","18/12/2019 15:10","0.42","","Website / Setup","","","",""
"Code With Andrea","18/12/2019 15:45","18/12/2019 16:00","0.25","","Website / Setup","","","",""
"Code With Andrea","18/12/2019 16:30","18/12/2019 17:00","0.5","","Blogging","","","",""
"Code With Andrea","18/12/2019 20:30","18/12/2019 22:00","1.5","","Blogging","","","",""
"Code With Andrea","19/12/2019 09:00","19/12/2019 09:40","0.67","","Development","","","",""
"Code With Andrea","19/12/2019 09:50","19/12/2019 10:15","0.42","","Community engagement","","","",""
"Code With Andrea","19/12/2019 10:15","19/12/2019 11:40","1.42","","Development","","","",""
"Code With Andrea","19/12/2019 11:50","19/12/2019 12:25","0.58","","Community engagement","","","",""
"Code With Andrea","19/12/2019 14:40","19/12/2019 15:05","0.42","","Website / Setup","","","",""
"Code With Andrea","20/12/2019 09:05","20/12/2019 09:15","0.17","","Community engagement","","","",""
"Code With Andrea","20/12/2019 09:15","20/12/2019 12:00","2.75","","Website / Setup","","","",""
"Code With Andrea","20/12/2019 14:00","20/12/2019 15:30","1.5","","Analytics / Growth","","","",""
"Code With Andrea","21/12/2019 20:25","21/12/2019 20:55","0.5","","Community engagement","","","",""
"Code With Andrea","21/12/2019 21:00","21/12/2019 21:35","0.58","","Website / Setup","","","",""
"Code With Andrea","29/12/2019 16:45","29/12/2019 17:15","0.5","","Community engagement","","","",""
"Code With Andrea","29/12/2019 17:15","29/12/2019 17:35","0.33","","Client Leads","","","",""
"Code With Andrea","29/12/2019 20:45","29/12/2019 21:15","0.5","","Analytics / Growth","","","",""
"Code With Andrea","30/12/2019 08:00","30/12/2019 08:30","0.5","","Website / Setup","","","",""
"Code With Andrea","30/12/2019 08:45","30/12/2019 10:45","2","","Website / Setup","","","",""
"Code With Andrea","30/12/2019 13:05","30/12/2019 16:20","3.25","","Website / Setup","","","",""
"Code With Andrea","30/12/2019 20:25","30/12/2019 20:35","0.17","","Community engagement","","","",""
"Code With Andrea","30/12/2019 20:35","30/12/2019 22:35","2","","Website / Setup","","","",""
"Code With Andrea","31/12/2019 08:30","31/12/2019 09:25","0.92","","Website / Setup","","","",""
"Code With Andrea","31/12/2019 09:55","31/12/2019 11:25","1.5","","YouTube Production","","","",""
"Code With Andrea","31/12/2019 11:15","31/12/2019 12:15","1","","Analytics / Growth","","","",""
"Code With Andrea","31/12/2019 13:45","31/12/2019 14:15","0.5","","Analytics / Growth","","","",""
"Code With Andrea","31/12/2019 14:15","31/12/2019 15:05","0.83","","Development","","","",""
"Code With Andrea","31/12/2019 15:20","31/12/2019 16:40","1.33","","Website / Setup","","","",""
